"키워드","상태","발행건수","최근제목","최근카페ID","최근글ID","최근유형","최근상태","최근발행시각(KST)","최근링크"
"계류유산 자연배출 후기","발행됨","3","몸 회복에 도움됐던 거 있나요ㅠㅠ","25227349","1944","ad","published","2026. 6. 5. 22시 10분 41초","https://cafe.naver.com/ca-fe/cafes/25227349/articles/1944"
"계류유산 소파술 후기","발행됨","4","계류유산 후 회복 도움될 거 추천해주세요","25227349","1966","ad","published","2026. 6. 6. 17시 25분 36초","https://cafe.naver.com/ca-fe/cafes/25227349/articles/1966"
"계류유산 진단서","발행됨","1","몸 보충 방법 알아본 거 정리해봐요","25460974","304575","daily-ad","modified","2026. 5. 28. 11시 4분 21초","https://cafe.naver.com/ca-fe/cafes/25460974/articles/304575"
"화학적 유산 후 임신","발행됨","4","화학적 유산 후 몸 보충하려고 알아본 것들","25729954","11332443","ad","published","2026. 6. 6. 18시 45분 33초","https://cafe.naver.com/ca-fe/cafes/25729954/articles/11332443"
"계류유산 후 재임신","발행됨","4","계류유산 후 재임신 준비 중이에요","25636798","31966","ad","published","2026. 6. 6. 14시 27분 50초","https://cafe.naver.com/ca-fe/cafes/25636798/articles/31966"
"계류유산 후 재임신 확률","발행됨","2","계류유산 후 몸 보충 선물 고민이에요","25460974","305053","daily-ad","modified","2026. 5. 30. 11시 4분 35초","https://cafe.naver.com/ca-fe/cafes/25460974/articles/305053"
"계류유산 후 자연임신","발행됨","3","계류유산 후에 몸 보충하려는데 어떻게 하셨어요?","25636798","31955","ad","published","2026. 6. 5. 21시 49분 34초","https://cafe.naver.com/ca-fe/cafes/25636798/articles/31955"
"계류유산 후 시험관","발행됨","4","시험관 준비하면서 먹은 영양제 후기 정리","25227349","1933","ad","published","2026. 6. 5. 21시 4분 37초","https://cafe.naver.com/ca-fe/cafes/25227349/articles/1933"
"계류유산 후 배란","발행됨","3","계류유산 후 배란 시기 다들 어떻게 체크하세요?","25227349","1930","ad","published","2026. 6. 5. 20시 46분 16초","https://cafe.naver.com/ca-fe/cafes/25227349/articles/1930"
"계류유산 후 임테기","발행됨","3","유산 후 몸보신 영양제 뭐 드셨나요","25227349","1911","ad","published","2026. 6. 5. 18시 58분 49초","https://cafe.naver.com/ca-fe/cafes/25227349/articles/1911"
"계류유산 반복","발행됨","3","계류유산 반복 고민인데 흑염소 드셔보신 분 계신가요","25636798","31913","ad","published","2026. 6. 5. 16시 59분 8초","https://cafe.naver.com/ca-fe/cafes/25636798/articles/31913"
"계류유산 두번","발행됨","3","시어머니가 챙겨주신 선물 후기","25227349","1902","ad","published","2026. 6. 5. 18시 4분 32초","https://cafe.naver.com/ca-fe/cafes/25227349/articles/1902"
"계류유산 후 음식","발행됨","2","계류유산 후 보양식 고민이에요","25636798","31918","ad","published","2026. 6. 5. 18시 7분 44초","https://cafe.naver.com/ca-fe/cafes/25636798/articles/31918"
"계류유산 후 한약","발행됨","3","계류유산 후 한약 드셔보신 분 계신가요","25729954","11332565","ad","published","2026. 6. 6. 19시 54분 40초","https://cafe.naver.com/ca-fe/cafes/25729954/articles/11332565"
"계류유산 후 영양제","발행됨","1","계류유산 후 어머니께 선물 드려봤어요","25227349","1851","ad","published","2026. 6. 2. 13시 1분 52초","https://cafe.naver.com/ca-fe/cafes/25227349/articles/1851"
"계류유산 후 운동","발행됨","1","계류유산 후 운동, 뭐부터 해야 하나요","25636798","31833","ad","published","2026. 5. 29. 17시 7분 3초","https://cafe.naver.com/ca-fe/cafes/25636798/articles/31833"
"계류유산 후 몸조리","발행됨","3","계류유산 후 몸조리 때문에 고민이에요","25227349","1963","ad","published","2026. 6. 6. 17시 1분 17초","https://cafe.naver.com/ca-fe/cafes/25227349/articles/1963"
"계류유산 후 부부관계","발행됨","2","계류유산 후 부부관계 괜찮으셨나요","25636798","31953","ad","published","2026. 6. 5. 21시 37분 43초","https://cafe.naver.com/ca-fe/cafes/25636798/articles/31953"
"부부 염색체 검사 비용","발행됨","2","염색체 검사 비용 후기 궁금해요","25227349","1898","ad","published","2026. 6. 5. 16시 59분 18초","https://cafe.naver.com/ca-fe/cafes/25227349/articles/1898"
"습관성 유산 검사","발행됨","2","습관성 유산 검사 고민이에요ㅠ","25636798","31921","ad","published","2026. 6. 5. 18시 25분 51초","https://cafe.naver.com/ca-fe/cafes/25636798/articles/31921"
"자궁근종 임신","발행됨","3","자궁근종 임신 준비 중인데, 저만 이렇게 불안한가요? (32살)","25636798","31968","ad","modified","2026. 6. 6. 14시 44분 12초","https://cafe.naver.com/ca-fe/cafes/25636798/articles/31968"
"자궁내막증 임신","발행됨","3","임신 준비하면서 흑염소랑 보충제 중에 고민이에요","25636798","31969","ad","published","2026. 6. 6. 14시 55분 44초","https://cafe.naver.com/ca-fe/cafes/25636798/articles/31969"
"자궁선근증 임신","발행됨","3","흑염소 진액 먹어보신 분 계신가요","25636798","31973","ad","published","2026. 6. 6. 15시 50분 40초","https://cafe.naver.com/ca-fe/cafes/25636798/articles/31973"
"갑상선 난임","발행됨","2","갑상선 난임 보조제 비교해보신 분 계신가요","25227349","1920","ad","published","2026. 6. 5. 19시 52분 34초","https://cafe.naver.com/ca-fe/cafes/25227349/articles/1920"
"임신이 안되는 이유","발행됨","2","혼자 챙겨먹는 흑염소 후기 궁금해요","25227349","1940","ad","published","2026. 6. 5. 21시 46분 23초","https://cafe.naver.com/ca-fe/cafes/25227349/articles/1940"
"자궁내막 얇음 임신","발행됨","3","흑염소 vs 한약 뭐 드셔보셨나요","25227349","1967","ad","published","2026. 6. 6. 17시 41분 48초","https://cafe.naver.com/ca-fe/cafes/25227349/articles/1967"
"다낭성난소 임신","발행됨","3","임신 준비 중 선물 고민 후기","25227349","1934","ad","published","2026. 6. 5. 21시 10분 38초","https://cafe.naver.com/ca-fe/cafes/25227349/articles/1934"
"원인불명 난임","발행됨","3","원인불명 난임인데 다들 뭐 드세요","25729954","11332530","ad","published","2026. 6. 6. 19시 31분 39초","https://cafe.naver.com/ca-fe/cafes/25729954/articles/11332530"
"임신 잘되는 체질","발행됨","1","임신 잘되는 체질 되려면 어떻게 해야 하나요","25636798","31837","ad","published","2026. 5. 29. 19시 30분 58초","https://cafe.naver.com/ca-fe/cafes/25636798/articles/31837"
"시험관 난자 채취 후기","발행됨","4","난자채취 후기랑 같이 먹는거 궁금해요","25227349","1969","ad","published","2026. 6. 6. 18시 7분 48초","https://cafe.naver.com/ca-fe/cafes/25227349/articles/1969"
"시험관 채취 후 통증","발행됨","2","시험관 채취 후 회복 뭐 드셨어요?","25227349","1929","ad","published","2026. 6. 5. 20시 40분 28초","https://cafe.naver.com/ca-fe/cafes/25227349/articles/1929"
"시험관 이식 후 출혈","발행됨","2","이식 후 출혈 언제까지 겪으셨나요","25227349","1923","ad","published","2026. 6. 5. 20시 4분 35초","https://cafe.naver.com/ca-fe/cafes/25227349/articles/1923"
"시험관 임테기 진하기","발행됨","1","시험관 임테기 진하기 너무 신경 쓰여요","25227349","1770","ad","published","2026. 5. 29. 20시 19분 6초","https://cafe.naver.com/ca-fe/cafes/25227349/articles/1770"
"시험관 베타 수치","발행됨","2","시험관 준비 중인데 보충제 뭐 드세요?","25227349","1932","ad","published","2026. 6. 5. 20시 58분 28초","https://cafe.naver.com/ca-fe/cafes/25227349/articles/1932"
"시험관 준비기간","발행됨","3","갱년기+시험관 몸에 좋다는거 다 챙겨먹은 후기","25227349","1903","ad","published","2026. 6. 5. 18시 10분 54초","https://cafe.naver.com/ca-fe/cafes/25227349/articles/1903"
"시험관 몸관리","발행됨","1","시험관 몸관리, 뭐가 나을까요","25227349","1772","ad","published","2026. 5. 29. 20시 54분 58초","https://cafe.naver.com/ca-fe/cafes/25227349/articles/1772"
"시험관 음식","발행됨","3","시험관 중인데 흑염소 드셔보신 분?","25729954","11332428","ad","published","2026. 6. 6. 18시 35분 25초","https://cafe.naver.com/ca-fe/cafes/25729954/articles/11332428"
"시험관 이식 후 음식","발행됨","2","시험관 이식 후 음식, 진짜 몰라서 묻습니다 ㅠㅠ","25636798","31974","ad","modified","2026. 6. 6. 15시 57분 59초","https://cafe.naver.com/ca-fe/cafes/25636798/articles/31974"
"시험관 이식 후 일상생활","발행됨","2","이식 후 몸보충 뭐 드세요?","25227349","1925","ad","published","2026. 6. 5. 20시 16분 29초","https://cafe.naver.com/ca-fe/cafes/25227349/articles/1925"
"시험관 중 운동","발행됨","2","시험관 중에 운동 어떻게 하셨어요?","25636798","31952","ad","published","2026. 6. 5. 21시 31분 20초","https://cafe.naver.com/ca-fe/cafes/25636798/articles/31952"
"시험관 1차 실패","발행됨","2","시험관 1차 실패하고 멍하니 있네요ㅠㅠ","25729954","11332436","ad","published","2026. 6. 6. 18시 40분 26초","https://cafe.naver.com/ca-fe/cafes/25729954/articles/11332436"
"시험관 반복 실패","발행됨","1","시험관 반복 실패, 지쳐가는 것 같아요ㅠ","25636798","31885","ad","published","2026. 6. 1. 19시 19분 24초","https://cafe.naver.com/ca-fe/cafes/25636798/articles/31885"
"냉동배아 이식 후기","발행됨","2","냉동배아 이식 D-2, 겁이 나서 꾹 참고 써보는 후기","25636798","31960","ad","modified","2026. 6. 5. 22시 19분 38초","https://cafe.naver.com/ca-fe/cafes/25636798/articles/31960"
"인공수정 후기","발행됨","2","인공수정 3차 실패 이후, 계류유산까지 겪고 나서 써보는 후기 (36살)","25636798","31971","ad","modified","2026. 6. 6. 15시 22분 55초","https://cafe.naver.com/ca-fe/cafes/25636798/articles/31971"
"난임병원 후기","발행됨","1","화학적유산, 자궁내막 얇음, 난임병원 후기 한번에 묶어 써보는 글","25636798","31909","ad","modified","2026. 6. 4. 22시 38분 54초","https://cafe.naver.com/ca-fe/cafes/25636798/articles/31909"
"40대 시험관 성공","발행됨","2","37살 시험관 준비에 도움됐던 거","25227349","1908","ad","published","2026. 6. 5. 18시 40분 31초","https://cafe.naver.com/ca-fe/cafes/25227349/articles/1908"
"자연임신 성공 후기","발행됨","2","34살 계류유산 두 번 겪고도 자연임신 성공한 타임라인 공유해요","25636798","31938","ad","modified","2026. 6. 5. 20시 7분 39초","https://cafe.naver.com/ca-fe/cafes/25636798/articles/31938"
"시험관 성공 후기","발행됨","3","흑염진액 드셔보신 분?? 어떤가요","25729954","11332588","ad","published","2026. 6. 6. 20시 6분 50초","https://cafe.naver.com/ca-fe/cafes/25729954/articles/11332588"
"난임 한약 후기","발행됨","1","난임 한약, 세 달 먹고 접었어요. 지금은 병원 갈 준비 중이에요","25636798","31967","ad","modified","2026. 6. 6. 14시 33분 2초","https://cafe.naver.com/ca-fe/cafes/25636798/articles/31967"
"흑염소진액 핵심 임신 준비 영양제 추천","발행됨","2","부모님 건강 챙겨드린 후기 궁금해요","25227349","1916","ad","published","2026. 6. 5. 19시 28분 37초","https://cafe.naver.com/ca-fe/cafes/25227349/articles/1916"
"임신 준비 엽산","발행됨","12","엽산 영양제 비교해보신 분 계신가요","25636798","31965","ad","published","2026. 6. 6. 14시 19분 19초","https://cafe.naver.com/ca-fe/cafes/25636798/articles/31965"
"임신 준비 비타민D","발행됨","2","임신 준비 비타민D, 화학적 유산 겪고 검사 중이에요","25636798","31979","ad","modified","2026. 6. 8. 6시 6분 41초","https://cafe.naver.com/ca-fe/cafes/25636798/articles/31979"
"임신 준비 이노시톨","발행됨","4","에이브이랑 흑염소랑 비교 중이에요","25227349","1959","ad","published","2026. 6. 6. 16시 30분 42초","https://cafe.naver.com/ca-fe/cafes/25227349/articles/1959"
"남편 임신준비 영양제","발행됨","3","남편 영양제 고민 진짜 되네요ㅠㅠ","25636798","31944","ad","published","2026. 6. 5. 20시 43분 27초","https://cafe.naver.com/ca-fe/cafes/25636798/articles/31944"
"자궁내막 두꺼워지는 영양제","발행됨","2","자궁내막 두꺼워지는 영양제 고민이에요","25729954","11335561","ad","published","2026. 6. 8. 9시 44분 22초","https://cafe.naver.com/ca-fe/cafes/25729954/articles/11335561"
"자궁 따뜻하게 하는 음식","발행됨","3","자궁 따뜻하게 하는 음식 비교해보신 분","25227349","1904","ad","published","2026. 6. 5. 18시 16분 33초","https://cafe.naver.com/ca-fe/cafes/25227349/articles/1904"
"임신 준비 보양식","발행됨","1","임신 준비 보양식 뭐 드셨어요?","25636798","31844","ad","published","2026. 5. 29. 22시 31분 1초","https://cafe.naver.com/ca-fe/cafes/25636798/articles/31844"
"산후 다이어트 언제부터","미발행","0","","","","","","",""
"산후 요실금","발행됨","3","산후 요실금인데 이 정도면 병원을 가야 할까요","25636798","31980","ad","modified","2026. 6. 8. 7시 53분 37초","https://cafe.naver.com/ca-fe/cafes/25636798/articles/31980"
"산후 케겔운동","발행됨","1","케겔운동 진짜 효과 있나요?","25227349","1913","ad","published","2026. 6. 5. 19시 10분 27초","https://cafe.naver.com/ca-fe/cafes/25227349/articles/1913"
"제왕절개 흉터 관리","발행됨","3","제왕절개 흉터 관리 진짜 포기하고 싶었는데 오늘 병원에서 울었어요","25636798","31972","ad","modified","2026. 6. 6. 15시 40분 0초","https://cafe.naver.com/ca-fe/cafes/25636798/articles/31972"
"제왕절개 회복기간","발행됨","6","제왕절개 회복기간 중인데 체력 보충 뭐 드세요?","25227349","1958","ad","published","2026. 6. 6. 16시 30분 29초","https://cafe.naver.com/ca-fe/cafes/25227349/articles/1958"
"자연분만 회복기간","발행됨","1","산후 회복 선물 고민이에요","25227349","1900","ad","published","2026. 6. 5. 17시 52분 23초","https://cafe.naver.com/ca-fe/cafes/25227349/articles/1900"
"산후 붓기","발행됨","3","선물 챙겨드린 후기 궁금해서요","25227349","1964","ad","published","2026. 6. 6. 17시 13분 33초","https://cafe.naver.com/ca-fe/cafes/25227349/articles/1964"
"산후 탈모","발행됨","3","산후탈모 정수리 충격, 두 달 차 엄마가 써보는 타임라인","25636798","31970","ad","modified","2026. 6. 6. 15시 4분 49초","https://cafe.naver.com/ca-fe/cafes/25636798/articles/31970"
"산후 빈혈","발행됨","1","산후 100일, 빈혈 수치가 빠져나가는데… 둘째 준비는요?","25636798","31930","ad","modified","2026. 6. 5. 19시 19분 42초","https://cafe.naver.com/ca-fe/cafes/25636798/articles/31930"
"산후 관절통","발행됨","3","산후 관절통 보충제 뭐 드셔보셨어요?","25636798","31943","ad","published","2026. 6. 5. 20시 37분 53초","https://cafe.naver.com/ca-fe/cafes/25636798/articles/31943"
"산후 골반통","발행됨","2","산후 골반통 도움됐던 거 정리해봤어요","25227349","1879","ad","published","2026. 6. 4. 20시 17분 19초","https://cafe.naver.com/ca-fe/cafes/25227349/articles/1879"
"산후 허리통증","발행됨","3","시어머니 선물 드려봤는데","25729954","11332578","ad","published","2026. 6. 6. 20시 1분 59초","https://cafe.naver.com/ca-fe/cafes/25729954/articles/11332578"
"산후 손목 통증","발행됨","4","산후 손목 통증 이거 어떻게 해야 할까요","25227349","1971","ad","published","2026. 6. 6. 18시 21분 35초","https://cafe.naver.com/ca-fe/cafes/25227349/articles/1971"
"산후 무릎 시림","발행됨","1","산후 무릎 시림 선물 드려봤는데","25227349","1840","ad","published","2026. 6. 1. 20시 10분 54초","https://cafe.naver.com/ca-fe/cafes/25227349/articles/1840"
"산후 두통","발행됨","3","산후 두통으로 알아본 것들 궁금해요","25729954","11332477","ad","published","2026. 6. 6. 19시 0분 53초","https://cafe.naver.com/ca-fe/cafes/25729954/articles/11332477"
"산후 변비","발행됨","2","산후 변비, 뭐가 나을까요 비교해봤어요","25227349","1881","ad","published","2026. 6. 4. 22시 9분 15초","https://cafe.naver.com/ca-fe/cafes/25227349/articles/1881"
"산후 오로","발행됨","2","산후 몸보신 선물로 챙겨보신 분 계신가요","25227349","1909","ad","published","2026. 6. 5. 18시 46분 43초","https://cafe.naver.com/ca-fe/cafes/25227349/articles/1909"
"산후 생리","미발행","0","","","","","","",""
"출산 후 땀","발행됨","3","출산 후에 땀이 너무 많아졌어요ㅠㅠ","25227349","1965","ad","published","2026. 6. 6. 17시 18분 24초","https://cafe.naver.com/ca-fe/cafes/25227349/articles/1965"
"산후조리원 가격 비교","미발행","0","","","","","","",""
"친정 산후조리","발행됨","2","친정 산후조리 중인데 뭘 챙겨 먹어야 할지 모르겠네요","25227349","1906","ad","published","2026. 6. 5. 18시 28분 25초","https://cafe.naver.com/ca-fe/cafes/25227349/articles/1906"
"시댁 산후조리","발행됨","2","시댁에서 산후조리 중인데 흑염소진액 먹어본 후기","25227349","1947","ad","published","2026. 6. 5. 22시 28분 30초","https://cafe.naver.com/ca-fe/cafes/25227349/articles/1947"
"산후 미역국 언제까지","발행됨","3","산후 미역국 언제까지 먹어야하는지 궁금해서요","25636798","31916","ad","published","2026. 6. 5. 17시 55분 43초","https://cafe.naver.com/ca-fe/cafes/25636798/articles/31916"
"산후 한약 시기","발행됨","1","산후 한약이랑 흑염소 비교해봤어요","25729954","11327901","ad","published","2026. 6. 4. 17시 54분 9초","https://cafe.naver.com/ca-fe/cafes/25729954/articles/11327901"
"산후 보약 후기","발행됨","1","어머니 선물 뭐 드릴지 고민이에요","25636798","31934","ad","published","2026. 6. 5. 19시 43분 28초","https://cafe.naver.com/ca-fe/cafes/25636798/articles/31934"
"산후 철분제 추천","발행됨","3","산후 철분제 추천 부탁드려요","25636798","31929","ad","published","2026. 6. 5. 19시 13분 21초","https://cafe.naver.com/ca-fe/cafes/25636798/articles/31929"
"산후 도우미 정부지원","발행됨","4","산후도우미 지원이랑 다른거 비교하는 중이에요","25636798","31963","ad","published","2026. 6. 6. 13시 41분 51초","https://cafe.naver.com/ca-fe/cafes/25636798/articles/31963"
"산후조리 음식","발행됨","5","산후 흑염소진액 먹어본 분들 계신가요","25227349","1960","ad","published","2026. 6. 6. 16시 31분 28초","https://cafe.naver.com/ca-fe/cafes/25227349/articles/1960"
"산후조리 보양식","발행됨","1","보양식 선물 고민이에요","25636798","31920","ad","published","2026. 6. 5. 18시 19분 39초","https://cafe.naver.com/ca-fe/cafes/25636798/articles/31920"
"산후조리 한약","발행됨","2","산후 회복 도움된 거 뭐 있었나요","25636798","31932","ad","published","2026. 6. 5. 19시 31분 26초","https://cafe.naver.com/ca-fe/cafes/25636798/articles/31932"
"산후조리 언제까지","발행됨","1","산후조리 기간 언제까지 챙겨야 할까요","25729954","11320608","ad","published","2026. 6. 1. 19시 5분 59초","https://cafe.naver.com/ca-fe/cafes/25729954/articles/11320608"
"산후조리 잘하는법","발행됨","2","산후조리 보충제 비교해보신 분 계신가요","25636798","31927","ad","published","2026. 6. 5. 19시 1분 30초","https://cafe.naver.com/ca-fe/cafes/25636798/articles/31927"
"산후조리원 후기","발행됨","2","산후조리원 선물 뭐가 좋았나요","25227349","1968","ad","published","2026. 6. 6. 17시 52분 32초","https://cafe.naver.com/ca-fe/cafes/25227349/articles/1968"
"제왕절개 산후조리","미발행","0","","","","","","",""
"독박육아 우울","발행됨","2","독박육아에 지쳐서 뭐라도 먹어볼까 해요","25227349","1907","ad","published","2026. 6. 5. 18시 34분 44초","https://cafe.naver.com/ca-fe/cafes/25227349/articles/1907"
"출산 후 우울감","발행됨","3","산후우울감에 흑염소 먹어보신 분 계신가요","25227349","1943","ad","published","2026. 6. 5. 22시 4분 48초","https://cafe.naver.com/ca-fe/cafes/25227349/articles/1943"
"출산 후 예민","발행됨","1","출산후 예민함 어떻게 하시나요","25227349","1936","ad","published","2026. 6. 5. 21시 22분 24초","https://cafe.naver.com/ca-fe/cafes/25227349/articles/1936"
"아기 낳고 후회","발행됨","1","아기 낳고 후회 vs 흑염소 뭐가 나을까요","25636798","31904","ad","published","2026. 6. 4. 17시 19분 38초","https://cafe.naver.com/ca-fe/cafes/25636798/articles/31904"
"육아 번아웃","발행됨","1","진짜 지친 엄마예요ㅠ 추천 좀 해주세요","25227349","1962","ad","published","2026. 6. 6. 16시 48분 16초","https://cafe.naver.com/ca-fe/cafes/25227349/articles/1962"